image_path,split,true_class,selection_seed,selection_rank,predicted_class,confidence,prob_overripe,prob_ripe,prob_rotten,prob_unripe,sha256,notes
D:\ff\banana\banana_classification\test\overripe\musa-acuminata-overripe-80ff3fdd-2653-11ec-9844-d8c4975e38aa_jpg.rf.bf47959156598572b13a4f16de581cd0.jpg,test,overripe,42,1,overripe,0.8112415671,0.8112415671,0.0000000092,0.1887584180,0.0000000000,7d71bf65d98e2a53919f304b9d111800ad500d3c45433e9fcdcbab9104091cd0,10-per-class audit
D:\ff\banana\banana_classification\test\overripe\musa-acuminata-mold-e38d6cb2-1d0a-11ec-86b7-d8c4975e38aa_jpg.rf.799a4555e34d6d5b5acc27337d84f4f0.jpg,test,overripe,42,2,overripe,0.9620524645,0.9620524645,0.0000318158,0.0379157215,0.0000000001,0f0e86f796e4f84256e30615ab646e294499f812549a90d3aac34c3ebe32445b,10-per-class audit
D:\ff\banana\banana_classification\test\overripe\musa-acuminata-mold-e1de067f-1d0a-11ec-bae6-d8c4975e38aa_jpg.rf.1ab7aa2244f9fe003f316216283f5844.jpg,test,overripe,42,3,overripe,0.5451280475,0.5451280475,0.4376793504,0.0171919316,0.0000006712,6997eb427e38f0a196d4082febd46f4a6d96ec5dcd587e213be8aff5d4d525e0,10-per-class audit
D:\ff\banana\banana_classification\test\overripe\musa-acuminata-overripe-9d91d4f6-1d0a-11ec-b3c9-d8c4975e38aa_jpg.rf.b95f689d1589af5e474e17029d23b6a9.jpg,test,overripe,42,4,overripe,0.7989357710,0.7989357710,0.0000545893,0.2010096908,0.0000000129,79149bf6741d27b9306295a60e7dc16e1e262258467b44e9b9bfc771bc53a847,10-per-class audit
D:\ff\banana\banana_classification\test\overripe\musa-acuminata-mold-e647c494-1d0a-11ec-b111-d8c4975e38aa_jpg.rf.b71d67ecea5ea4505b508171eb068490.jpg,test,overripe,42,5,overripe,0.8149286509,0.8149286509,0.0000004850,0.1850708574,0.0000000017,05a78ce1d95a6ce74782751e4f78c27174c86c19a65015729a5521228c036a70,10-per-class audit
D:\ff\banana\banana_classification\test\overripe\musa-acuminata-mold-e5c4b03e-1d0a-11ec-b334-d8c4975e38aa_jpg.rf.ca15ad9c1138d8beb99f8c785bdf4aaa.jpg,test,overripe,42,6,overripe,0.8764160872,0.8764160872,0.0000067301,0.1235760003,0.0000012319,01f03baca780928dc44f631439ed0774935997ddff2894727d2ff54287c823c9,10-per-class audit
D:\ff\banana\banana_classification\test\overripe\musa-acuminata-mold-e543f983-1d0a-11ec-bbdb-d8c4975e38aa_jpg.rf.6be77f0b5e1d2ff92f3ffa71641099df.jpg,test,overripe,42,7,overripe,0.7966657877,0.7966657877,0.0000017302,0.2033323944,0.0000000631,e154fcd53aa6b9e8656aab1cfe9083c0a1ec0aea73e221ea86c34a9313b687ae,10-per-class audit
D:\ff\banana\banana_classification\test\overripe\musa-acuminata-mold-e412e57f-1d0a-11ec-a6ae-d8c4975e38aa_jpg.rf.92fa06380f5ff58906752e536e961497.jpg,test,overripe,42,8,overripe,0.9193817377,0.9193817377,0.0001450277,0.0804733038,0.0000000009,bfefa00b5deb7f9b90f6523b5b46480f7ab4c2db9fdb57d1a8fbfc371dc63333,10-per-class audit
D:\ff\banana\banana_classification\test\overripe\musa-acuminata-mold-e34d1292-1d0a-11ec-aa20-d8c4975e38aa_jpg.rf.18d182afc131b4722b28016d7f28b02f.jpg,test,overripe,42,9,overripe,0.9434642792,0.9434642792,0.0000513656,0.0564843081,0.0000000021,8f494ccd1bae38d67a5e59ad2d7df5a6f693671eecce2e9f21d7b3beeb165baa,10-per-class audit
D:\ff\banana\banana_classification\test\overripe\musa-acuminata-overripe-9c147c05-1d0a-11ec-96f3-d8c4975e38aa_jpg.rf.bf5019eb3a0c8f03701e09a11444d259.jpg,test,overripe,42,10,ripe,0.7962327003,0.1866268516,0.7962327003,0.0170578174,0.0000826752,890676965fea4c7147a5c843a652b81c8edb92aca1b4c0390b0b5c90ec2fd227,10-per-class audit
D:\ff\banana\banana_classification\test\ripe\musa-acuminata-ripe-9295644f-1d0a-11ec-8d36-d8c4975e38aa_jpg.rf.1de4d57f17c866d463426a99ddd4cb35.jpg,test,ripe,42,1,ripe,0.9875503182,0.0124187395,0.9875503182,0.0000281709,0.0000027861,b2837da1f115837a082d47c557ed1f27315de2f6f584980496709d6677f6d561,10-per-class audit
D:\ff\banana\banana_classification\test\ripe\musa-acuminata-banana-c8d099ad-394a-11ec-8f3a-d8c4975e38aa_jpg.rf.39c3d8b836ab91df665ebdf37cd2b888.jpg,test,ripe,42,2,ripe,0.8628138304,0.0000007553,0.8628138304,0.1371852905,0.0000002114,0f31c1ec98826f82a5722ec5627f5ac47c3d49c7e30583956c3145d5ea459225,10-per-class audit
D:\ff\banana\banana_classification\test\ripe\musa-acuminata-ripe-94e6dd45-1d0a-11ec-9618-d8c4975e38aa_jpg.rf.e9889901969690397abd0d0bbff23ebc.jpg,test,ripe,42,3,ripe,0.6735680103,0.2489321679,0.6735680103,0.0770003423,0.0004995346,1ee0b3635bff9e3d0064e227e00a39d6c0498f03010cecd4e030ea57364661e6,10-per-class audit
D:\ff\banana\banana_classification\test\ripe\musa-acuminata-freshripe-7cde287e-1d0a-11ec-991d-d8c4975e38aa_jpg.rf.baa4e34a9a6b85d604d36e9f52fb2e2b.jpg,test,ripe,42,4,ripe,0.9996133447,0.0002389348,0.9996133447,0.0001363585,0.0000114963,366d9eb481dea93fd25f529d2256cd41ca6dd2a1e6f515eed606ed609b68e669,10-per-class audit
D:\ff\banana\banana_classification\test\ripe\musa-acuminata-banana-b2aec0ab-394a-11ec-924e-d8c4975e38aa_jpg.rf.1a2269ff5fc9f5837901ace349419924.jpg,test,ripe,42,5,ripe,0.9401696324,0.0000172904,0.9401696324,0.0596353896,0.0001777273,a0c78317dc828c995caa86e1956a3f7e11a6527c92be993e220839ecc85ecb21,10-per-class audit
D:\ff\banana\banana_classification\test\ripe\musa-acuminata-banana-b268ba33-394a-11ec-8550-d8c4975e38aa_jpg.rf.6f7dd75c42ea22b057086ff2a7b91503.jpg,test,ripe,42,6,ripe,0.9817055464,0.0000161024,0.9817055464,0.0177226197,0.0005556518,49d755c8db560da87ca4aff05e4160de9b196d7916d2d7450bff007bf0113936,10-per-class audit
D:\ff\banana\banana_classification\test\ripe\musa-acuminata-banana-c8e88c9b-394a-11ec-84a9-d8c4975e38aa_jpg.rf.a4ea83f303e4fbce9db22728a214d4aa.jpg,test,ripe,42,7,ripe,0.8603551984,0.0000072741,0.8603551984,0.1396353394,0.0000021574,4f99bd2a73fdc73c43fb79d8a69a94450c7526b3210f36e58dcc3f12b55439cf,10-per-class audit
D:\ff\banana\banana_classification\test\ripe\musa-acuminata-freshripe-4423a4cc-2653-11ec-a303-d8c4975e38aa_jpg.rf.52a1a8f66fb8af3c2f499fcf0ea52ce0.jpg,test,ripe,42,8,ripe,0.9922353625,0.0074270782,0.9922353625,0.0003127274,0.0000248361,97e3a33238aaa4dcd5cdd956e5e3bb5498b7d4cb89a8d93724c2ea9c6da77b86,10-per-class audit
D:\ff\banana\banana_classification\test\ripe\musa-acuminata-freshripe-44ade1dc-2653-11ec-a75b-d8c4975e38aa_jpg.rf.3d31498324d414ab659b63f4e206d481.jpg,test,ripe,42,9,ripe,0.9991608858,0.0008387468,0.9991608858,0.0000003523,0.0000000468,be012b02243de2a7f3344ce28e5e0607ad30f8c5a551a67046919060591da949,10-per-class audit
D:\ff\banana\banana_classification\test\ripe\musa-acuminata-ripe-73afc5e8-2653-11ec-a67c-d8c4975e38aa_jpg.rf.29688bfc3ba3acd37ba2a92973eda15a.jpg,test,ripe,42,10,rotten,0.8381995559,0.0000264962,0.1617698967,0.8381995559,0.0000040954,7f5028b02bd3624404431c7fab52e987fe28892dedbe9ce0040f85cf40102fb2,10-per-class audit
D:\ff\banana\banana_classification\test\rotten\musa-acuminata-unripe-5d01c29b-2653-11ec-b9cf-d8c4975e38aa---Copy_jpg.rf.c800884215eae640819e500e15939484.jpg,test,rotten,42,1,rotten,0.9487539530,0.0009518497,0.0002412148,0.9487539530,0.0500529595,700807aac83ceac715d64c43efd535086895a29c7f51ff8d68fcbb97d218a0d3,10-per-class audit
D:\ff\banana\banana_classification\test\rotten\musa-acuminata-banana-8ecfa04c-394a-11ec-a7d9-d8c4975e38aa_jpg.rf.c0066ead5eb83f14b27f122b22b0a1f9.jpg,test,rotten,42,2,rotten,0.9998621941,0.0000000431,0.0001377014,0.9998621941,0.0000000000,c25e733f8ba03bd8c970fcea403a5cec7fec34690d85fc31fdbe691ae1d352e2,10-per-class audit
D:\ff\banana\banana_classification\test\rotten\musa-acuminata-rotten-bab23817-1d0a-11ec-93a6-d8c4975e38aa_jpg.rf.4aeb93c66b531088266201dbdb27de1f.jpg,test,rotten,42,3,rotten,0.9999688864,0.0000000008,0.0000310909,0.9999688864,0.0000000000,11ff84da465beeb2f90e5408864c14911f9d515324869a2d5df527651aeb4d25,10-per-class audit
D:\ff\banana\banana_classification\test\rotten\musa-acuminata-ripe-716a37f4-2653-11ec-b079-d8c4975e38aa_jpg.rf.0b009de83707c3f7432a62f56cca4ddc.jpg,test,rotten,42,4,rotten,0.9959636927,0.0000000003,0.0040362906,0.9959636927,0.0000000106,9306b45cb396f844be23ca0ae15306f665697190b6a359d540b7c6c8d867b595,10-per-class audit
D:\ff\banana\banana_classification\test\rotten\musa-acuminata-unripe-86e631ec-1d0a-11ec-bb40-d8c4975e38aa-1-_jpg.rf.ff8a19f7f6ac5767292ffa421dbb1582.jpg,test,rotten,42,5,rotten,0.9782013893,0.0036388475,0.0023369519,0.9782013893,0.0158227831,391d1710e88fb8161928ada4b5891fe71c066f34edd006ae055090219fd25fa0,10-per-class audit
D:\ff\banana\banana_classification\test\rotten\musa-acuminata-unripe-829facae-1d0a-11ec-8cd3-d8c4975e38aa-1-_jpg.rf.dc5ca0eedb2c836d5b72604bdd6ff743.jpg,test,rotten,42,6,rotten,0.9791863561,0.0004362238,0.0001869859,0.9791863561,0.0201904811,d09c632ab4f92760a10c5782f964ba6dc78ce2bfba0718be502fe74f706922ff,10-per-class audit
D:\ff\banana\banana_classification\test\rotten\musa-acuminata-unripe-865bf4de-1d0a-11ec-964f-d8c4975e38aa-1-_jpg.rf.540f641ebb81e808b903f3adea3460bb.jpg,test,rotten,42,7,rotten,0.9389453530,0.0006888952,0.0008771506,0.9389453530,0.0594886802,72a2a92e44c49831d496572cc1dc2bfbaaa558c90853db7051e65d77ade78ae3,10-per-class audit
D:\ff\banana\banana_classification\test\rotten\musa-acuminata-rotten-b93ce7b1-1d0a-11ec-aed0-d8c4975e38aa_jpg.rf.8db11b9f10dc34b529ba7c419da59335.jpg,test,rotten,42,8,rotten,0.9999492168,0.0000502197,0.0000006061,0.9999492168,0.0000000008,22edd0b5116fa2317e379b5d82cf3c203d689e994bc0367a6bdeac252a11d49b,10-per-class audit
D:\ff\banana\banana_classification\test\rotten\musa-acuminata-rotten-8cf1276a-2653-11ec-bf25-d8c4975e38aa_jpg.rf.599a729d2db37970445fc101acad6430.jpg,test,rotten,42,9,rotten,0.9970138073,0.0000001159,0.0029860365,0.9970138073,0.0000000262,dc7bacbc47e01e163e2e30a0280a199493b4970dee66f8c6ab22bf0f3f4fa80b,10-per-class audit
D:\ff\banana\banana_classification\test\rotten\musa-acuminata-ripe-976f27e4-1d0a-11ec-b28e-d8c4975e38aa_jpg.rf.23e1ef394e7bdccb2db766b140dcbda2.jpg,test,rotten,42,10,rotten,0.9982184768,0.0000658115,0.0017130877,0.9982184768,0.0000025744,05ac9a7d91956d812213dd72ed71e9257e2b4ac97b130306585edf308db0565b,10-per-class audit
D:\ff\banana\banana_classification\test\unripe\musa-acuminata-freshunripe-68df7659-1d0a-11ec-a318-d8c4975e38aa_jpg.rf.69ee88077d4011abbda999a1cd875bf5.jpg,test,unripe,42,1,unripe,0.9998692274,0.0000002771,0.0000003316,0.0001301029,0.9998692274,767852c8439e2fc5835d8b9247fae11d7849d1ee11442dce803c4f8ebce12a81,10-per-class audit
D:\ff\banana\banana_classification\test\unripe\musa-acuminata-freshunripe-705365c4-1d0a-11ec-805a-d8c4975e38aa_jpg.rf.12c303cfe66683384852c4f07188cbbd.jpg,test,unripe,42,2,unripe,0.9995349646,0.0000000378,0.0000004215,0.0004645579,0.9995349646,a8b3c7de1486982cdbdf161e23a46033ca0ecf2ff062b2de6f9311872040a51c,10-per-class audit
D:\ff\banana\banana_classification\test\unripe\musa-acuminata-freshunripe-38878621-2653-11ec-a74a-d8c4975e38aa---Copy_jpg.rf.59c4c87f1a0e480505352482de33b15c.jpg,test,unripe,42,3,unripe,0.9995614886,0.0000000049,0.0000000321,0.0004384991,0.9995614886,ea86e84e2e1c226fdf7621c0837175dfac764bf6260e4a020bbe36b9dd5713f5,10-per-class audit
D:\ff\banana\banana_classification\test\unripe\musa-acuminata-unripe-612b2644-2653-11ec-837f-d8c4975e38aa---Copy_jpg.rf.4a8e73c81305a4941cfa049525af4dba.jpg,test,unripe,42,4,unripe,0.6998673677,0.0010396955,0.0001734456,0.2989194989,0.6998673677,6dcbc14e6c028b906b34f6c8946ad4fc724d28ef2194f98104f6d0087b188791,10-per-class audit
D:\ff\banana\banana_classification\test\unripe\musa-acuminata-freshunripe-1cdf07a1-2653-11ec-a4b4-d8c4975e38aa_jpg.rf.9500aa90b98dc6f34859be314aa61dc2.jpg,test,unripe,42,5,unripe,0.9992239475,0.0000105049,0.0000152846,0.0007502635,0.9992239475,c624916df2a8b897fe568dd744801fb41fb50d094a8146756eb1e53bc69d5ebe,10-per-class audit
D:\ff\banana\banana_classification\test\unripe\musa-acuminata-unripe-5e1fc54a-2653-11ec-a16c-d8c4975e38aa---Copy_jpg.rf.ecb16861250f93cc5b8e8d6d3ed8642a.jpg,test,unripe,42,6,unripe,0.9860558510,0.0000002063,0.0000196875,0.0139242010,0.9860558510,69b0607b12b05d317b116cc06fe32e58970bea54a0f40a7a382d91ea5a2f7e47,10-per-class audit
D:\ff\banana\banana_classification\test\unripe\musa-acuminata-freshunripe-2cf28aff-2653-11ec-bfb6-d8c4975e38aa_jpg.rf.80d9fd0676a888b47c6e1d1e3ceb8038.jpg,test,unripe,42,7,unripe,0.9996582270,0.0000000086,0.0000000212,0.0003417833,0.9996582270,9a8703cfc4a021fd4c997b4486cf4455bc82f3f4017c8b4a829c724d35a7ac19,10-per-class audit
D:\ff\banana\banana_classification\test\unripe\musa-acuminata-unripe-55b52aee-2653-11ec-aa91-d8c4975e38aa---Copy_jpg.rf.42664ddd03f1cd44be622722fd7606d6.jpg,test,unripe,42,8,unripe,0.9996767044,0.0000078477,0.0000215049,0.0002939202,0.9996767044,46c937d90ae2d8fc1722c3645630ca15d765c908ad9c58a21e170be28e5833ae,10-per-class audit
D:\ff\banana\banana_classification\test\unripe\musa-acuminata-freshunripe-6705cdaf-1d0a-11ec-97b5-d8c4975e38aa---Copy_jpg.rf.0d837c58e977393153528c38297bc329.jpg,test,unripe,42,9,unripe,0.9993944168,0.0000277585,0.0000435966,0.0005342523,0.9993944168,c6f97ce20ec9d17c50d81d239cf717fd7fdb439585bfff607a175f4da19c39e4,10-per-class audit
D:\ff\banana\banana_classification\test\unripe\musa-acuminata-freshunripe-39b17224-2653-11ec-93a9-d8c4975e38aa_jpg.rf.fdf82eeb1d687be9b40963281840896e.jpg,test,unripe,42,10,unripe,0.9993940592,0.0000000346,0.0000001091,0.0006057597,0.9993940592,45a57952f42bb7f6ea59c3199d18cad2867d14161cfc2614fd529fd341fd431a,10-per-class audit
